#Class,ID,Enh,Prom,TX,Tx_expression,Gene_expression,DNase_Enh,DNase_Prom,H4K20me1_Enh,H4K20me1_Prom,H3K9me3_Enh,H3K9me3_Prom,H3K9ac_Enh,H3K9ac_Prom,H3K79me2_Enh,H3K79me2_Prom,H3K4me3_Enh,H3K4me3_Prom,H3K4me2_Enh,H3K4me2_Prom,H3K4me1_Enh,H3K4me1_Prom,H3K36me3_Enh,H3K36me3_Prom,H3K27me3_Enh,H3K27me3_Prom,H3K27ac_Enh,H3K27ac_Prom,H2A.Z_Enh,H2A.Z_Prom,CTCF_Enh,CTCF_Prom,HiC_Contact
0,0:chr10:80712806:80713306:chr10:81107219:81107219:PPIF,chr10:80712806:80713306,chr10:81106974:81107474,ENST00000498681.1,17.32,121.82,1866.37,14659.93,366.85,353.06,203.12,148.88,296.14,10150.46,173.36,1866.03,267.52,11926.17,611.52,6247.62,1266.99,1691.67,168.92,200.39,333.51,170.46,605.07,9834.18,669.94,2353.32,788,40577,4.111629486084
0,0:chr10:80732915:80733704:chr10:81107219:81107219:PPIF,chr10:80732915:80733704,chr10:81106974:81107474,ENST00000498681.1,17.32,121.82,9760.31,14659.93,307.55,353.06,254.44,148.88,5987.02,10150.46,418.46,1866.03,6810.69,11926.17,9605.53,6247.62,4280.0,1691.67,232.12,200.39,480.48,170.46,13073.04,9834.18,4121.38,2353.32,2470,40577,4.9426121711731
0,0:chr10:80734232:80734732:chr10:81107219:81107219:PPIF,chr10:80734232:80734732,chr10:81106974:81107474,ENST00000498681.1,17.32,121.82,8051.98,14659.93,214.68,353.06,170.82,148.88,2757.97,10150.46,224.84,1866.03,2146.67,11926.17,5965.21,6247.62,5243.78,1691.67,160.83,200.39,527.27,170.46,7205.23,9834.18,2988.6,2353.32,37132,40577,4.9426121711731
0,0:chr10:80740923:80741574:chr10:81107219:81107219:PPIF,chr10:80740923:80741574,chr10:81106974:81107474,ENST00000498681.1,17.32,121.82,1012.08,14659.93,340.21,353.06,198.88,148.88,368.03,10150.46,205.17,1866.03,270.42,11926.17,580.58,6247.62,1700.83,1691.67,185.05,200.39,373.6,170.46,500.53,9834.18,498.41,2353.32,1541,40577,5.0229911804199
0,0:chr10:80750877:80751377:chr10:81107219:81107219:PPIF,chr10:80750877:80751377,chr10:81106974:81107474,ENST00000498681.1,17.32,121.82,806.61,14659.93,262.59,353.06,207.77,148.88,297.91,10150.46,156.97,1866.03,202.35,11926.17,828.46,6247.62,878.92,1691.67,181.66,200.39,212.58,170.46,343.7,9834.18,331.33,2353.32,340,40577,3.8591012954712
0,0:chr10:80752029:80752529:chr10:81107219:81107219:PPIF,chr10:80752029:80752529,chr10:81106974:81107474,ENST00000498681.1,17.32,121.82,815.15,14659.93,251.87,353.06,196.08,148.88,268.17,10150.46,155.78,1866.03,224.03,11926.17,352.48,6247.62,1908.74,1691.67,168.12,200.39,261.44,170.46,391.65,9834.18,407.17,2353.32,560,40577,3.8591012954712
0,0:chr10:80782241:80782741:chr10:81107219:81107219:PPIF,chr10:80782241:80782741,chr10:81106974:81107474,ENST00000498681.1,17.32,121.82,1087.06,14659.93,252.13,353.06,224.78,148.88,295.06,10150.46,167.62,1866.03,398.48,11926.17,809.03,6247.62,457.37,1691.67,169.82,200.39,268.42,170.46,449.97,9834.18,1077.42,2353.32,573,40577,6.3398103713989
0,0:chr10:80782948:80783448:chr10:81107219:81107219:PPIF,chr10:80782948:80783448,chr10:81106974:81107474,ENST00000498681.1,17.32,121.82,1195.86,14659.93,265.4,353.06,142.22,148.88,454.1,10150.46,148.56,1866.03,305.51,11926.17,1046.25,6247.62,1125.65,1691.67,174.74,200.39,267.95,170.46,749.44,9834.18,606.16,2353.32,1451,40577,6.3398103713989
0,0:chr10:80826955:80827894:chr10:81107219:81107219:PPIF,chr10:80826955:80827894,chr10:81106974:81107474,ENST00000498681.1,17.32,121.82,18447.4,14659.93,584.47,353.06,380.03,148.88,6223.34,10150.46,747.06,1866.03,28975.45,11926.17,18219.71,6247.62,3262.82,1691.67,397.59,200.39,464.7,170.46,7303.68,9834.18,8304.03,2353.32,9447,40577,9.4540967941284
0,0:chr10:80828462:80829041:chr10:81107219:81107219:PPIF,chr10:80828462:80829041,chr10:81106974:81107474,ENST00000498681.1,17.32,121.82,11576.67,14659.93,333.97,353.06,195.72,148.88,5143.22,10150.46,547.89,1866.03,9750.45,11926.17,4586.33,6247.62,725.31,1691.67,207.39,200.39,196.44,170.46,4580.12,9834.18,1926.36,2353.32,8723,40577,9.4540967941284
0,0:chr10:80830798:80831298:chr10:81107219:81107219:PPIF,chr10:80830798:80831298,chr10:81106974:81107474,ENST00000498681.1,17.32,121.82,3261.38,14659.93,1484.88,353.06,199.47,148.88,4410.06,10150.46,4907.71,1866.03,9694.32,11926.17,10382.71,6247.62,5259.6,1691.67,248.58,200.39,757.11,170.46,4769.54,9834.18,647.5,2353.32,663,40577,6.4847140312195
0,0:chr10:80838687:80839187:chr10:81107219:81107219:PPIF,chr10:80838687:80839187,chr10:81106974:81107474,ENST00000498681.1,17.32,121.82,491.21,14659.93,1582.58,353.06,154.0,148.88,363.38,10150.46,3673.86,1866.03,265.1,11926.17,691.4,6247.62,2759.36,1691.67,329.11,200.39,232.3,170.46,861.21,9834.18,240.15,2353.32,1497,40577,8.2286863327026
0,0:chr10:80843577:80844405:chr10:81107219:81107219:PPIF,chr10:80843577:80844405,chr10:81106974:81107474,ENST00000498681.1,17.32,121.82,9315.66,14659.93,1891.65,353.06,258.48,148.88,1097.88,10150.46,5655.85,1866.03,631.41,11926.17,2913.24,6247.62,9429.24,1691.67,446.91,200.39,260.49,170.46,5995.99,9834.18,501.07,2353.32,1481,40577,6.7626433372498
0,0:chr10:80844691:80845191:chr10:81107219:81107219:PPIF,chr10:80844691:80845191,chr10:81106974:81107474,ENST00000498681.1,17.32,121.82,2285.23,14659.93,1203.07,353.06,178.62,148.88,471.61,10150.46,4134.47,1866.03,356.28,11926.17,970.42,6247.62,3835.8,1691.67,418.22,200.39,200.76,170.46,1317.03,9834.18,373.3,2353.32,777,40577,6.7626433372498
0,0:chr10:80850187:80850687:chr10:81107219:81107219:PPIF,chr10:80850187:80850687,chr10:81106974:81107474,ENST00000498681.1,17.32,121.82,812.08,14659.93,2010.79,353.06,187.92,148.88,481.71,10150.46,4358.81,1866.03,324.05,11926.17,821.48,6247.62,1872.71,1691.67,548.59,200.39,231.45,170.46,934.72,9834.18,320.89,2353.32,1244,40577,7.9152336120605
0,0:chr10:80853203:80854000:chr10:81107219:81107219:PPIF,chr10:80853203:80854000,chr10:81106974:81107474,ENST00000498681.1,17.32,121.82,7596.6,14659.93,3237.69,353.06,323.01,148.88,1634.33,10150.46,4841.68,1866.03,1057.27,11926.17,4293.68,6247.62,6316.99,1691.67,553.26,200.39,451.72,170.46,5366.56,9834.18,1036.05,2353.32,1199,40577,7.9152336120605
0,0:chr10:80858178:80858823:chr10:81107219:81107219:PPIF,chr10:80858178:80858823,chr10:81106974:81107474,ENST00000498681.1,17.32,121.82,3966.46,14659.93,2663.46,353.06,244.78,148.88,815.44,10150.46,6190.8,1866.03,476.55,11926.17,1662.57,6247.62,3999.56,1691.67,710.61,200.39,247.42,170.46,1579.74,9834.18,503.73,2353.32,3287,40577,10.184366226196
0,0:chr10:80876047:80876993:chr10:81107219:81107219:PPIF,chr10:80876047:80876993,chr10:81106974:81107474,ENST00000498681.1,17.32,121.82,2321.24,14659.93,2963.95,353.06,278.7,148.88,906.06,10150.46,5373.23,1866.03,642.51,11926.17,1704.73,6247.62,5594.62,1691.67,945.64,200.39,311.62,170.46,2300.9,9834.18,691.6,2353.32,3066,40577,8.8740186691284
0,0:chr10:80897487:80897987:chr10:81107219:81107219:PPIF,chr10:80897487:80897987,chr10:81106974:81107474,ENST00000498681.1,17.32,121.82,4535.27,14659.93,617.04,353.06,153.33,148.88,2343.22,10150.46,1054.66,1866.03,2244.53,11926.17,2883.56,6247.62,7064.68,1691.67,279.4,200.39,241.19,170.46,5537.31,9834.18,1086.28,2353.32,1332,40577,7.9819140434265
0,0:chr10:80909612:80910112:chr10:81107219:81107219:PPIF,chr10:80909612:80910112,chr10:81106974:81107474,ENST00000498681.1,17.32,121.82,3876.4,14659.93,402.79,353.06,195.39,148.88,1156.38,10150.46,555.77,1866.03,849.4,11926.17,2030.49,6247.62,6846.4,1691.67,390.2,200.39,189.4,170.46,4861.27,9834.18,843.54,2353.32,323,40577,8.519495010376
0,0:chr10:80938532:80939032:chr10:81107219:81107219:PPIF,chr10:80938532:80939032,chr10:81106974:81107474,ENST00000498681.1,17.32,121.82,4759.64,14659.93,965.17,353.06,180.95,148.88,456.43,10150.46,442.55,1866.03,274.44,11926.17,815.68,6247.62,1473.61,1691.67,607.34,200.39,189.17,170.46,2284.75,9834.18,390.17,2353.32,852,40577,4.8771848678589
0,0:chr10:80953729:80954229:chr10:81107219:81107219:PPIF,chr10:80953729:80954229,chr10:81106974:81107474,ENST00000498681.1,17.32,121.82,1086.59,14659.93,877.23,353.06,174.0,148.88,224.33,10150.46,509.09,1866.03,151.41,11926.17,176.31,6247.62,1498.12,1691.67,477.46,200.39,222.47,170.46,232.39,9834.18,193.16,2353.32,708,40577,9.6323394775391
0,0:chr10:80955122:80955622:chr10:81107219:81107219:PPIF,chr10:80955122:80955622,chr10:81106974:81107474,ENST00000498681.1,17.32,121.82,5678.57,14659.93,1025.18,353.06,117.43,148.88,271.07,10150.46,274.89,1866.03,169.35,11926.17,333.14,6247.62,1857.96,1691.67,276.26,200.39,195.75,170.46,300.87,9834.18,245.4,2353.32,78564,40577,8.9661502838135
0,0:chr10:80956415:80956915:chr10:81107219:81107219:PPIF,chr10:80956415:80956915,chr10:81106974:81107474,ENST00000498681.1,17.32,121.82,2375.0,14659.93,1519.35,353.06,125.95,148.88,162.7,10150.46,380.8,1866.03,97.2,11926.17,109.0,6247.62,585.35,1691.67,700.4,200.39,173.6,170.46,166.5,9834.18,160.25,2353.32,60544,40577,8.9661502838135
0,0:chr10:80962024:80962709:chr10:81107219:81107219:PPIF,chr10:80962024:80962709,chr10:81106974:81107474,ENST00000498681.1,17.32,121.82,1175.66,14659.93,896.21,353.06,226.72,148.88,304.29,10150.46,463.66,1866.03,196.82,11926.17,221.6,6247.62,486.6,1691.67,2015.99,200.39,235.68,170.46,285.94,9834.18,255.35,2353.32,32265,40577,7.4765310287476
0,0:chr10:80967596:80968096:chr10:81107219:81107219:PPIF,chr10:80967596:80968096,chr10:81106974:81107474,ENST00000498681.1,17.32,121.82,308.02,14659.93,405.81,353.06,177.44,148.88,305.95,10150.46,254.9,1866.03,157.54,11926.17,280.3,6247.62,408.89,1691.67,820.68,200.39,190.86,170.46,165.15,9834.18,187.91,2353.32,88,40577,13.038343429565
0,0:chr10:80988670:80989170:chr10:81107219:81107219:PPIF,chr10:80988670:80989170,chr10:81106974:81107474,ENST00000498681.1,17.32,121.82,1328.25,14659.93,462.9,353.06,143.65,148.88,309.8,10150.46,233.35,1866.03,139.95,11926.17,250.9,6247.62,1093.2,1691.67,1291.05,200.39,161.25,170.46,526.1,9834.18,210.4,2353.32,349,40577,18.592054367065
0,0:chr10:81001889:81002389:chr10:81107219:81107219:PPIF,chr10:81001889:81002389,chr10:81106974:81107474,ENST00000498681.1,17.32,121.82,6659.81,14659.93,427.89,353.06,163.58,148.88,2817.0,10150.46,626.03,1866.03,9696.41,11926.17,6146.1,6247.62,2769.37,1691.67,243.18,200.39,231.7,170.46,3721.32,9834.18,1044.51,2353.32,1687,40577,32.856887817383
0,0:chr10:81002423:81002923:chr10:81107219:81107219:PPIF,chr10:81002423:81002923,chr10:81106974:81107474,ENST00000498681.1,17.32,121.82,5219.24,14659.93,330.3,353.06,176.89,148.88,4628.77,10150.46,674.76,1866.03,13996.11,11926.17,4599.77,6247.62,1248.45,1691.67,247.66,200.39,217.18,170.46,4060.84,9834.18,769.85,2353.32,2304,40577,32.856887817383
0,0:chr10:81004281:81005113:chr10:81107219:81107219:PPIF,chr10:81004281:81005113,chr10:81106974:81107474,ENST00000498681.1,17.32,121.82,8934.98,14659.93,3266.7,353.06,331.44,148.88,8309.67,10150.46,5655.19,1866.03,5871.7,11926.17,12041.54,6247.62,14280.51,1691.67,834.88,200.39,287.25,170.46,17198.05,9834.18,644.58,2353.32,4659,40577,32.856887817383
0,0:chr10:81007491:81008629:chr10:81107219:81107219:PPIF,chr10:81007491:81008629,chr10:81106974:81107474,ENST00000498681.1,17.32,121.82,12771.76,14659.93,3812.23,353.06,424.53,148.88,8854.85,10150.46,6604.43,1866.03,3577.19,11926.17,12994.01,6247.62,18187.95,1691.67,909.81,200.39,392.69,170.46,30634.9,9834.18,1077.9,2353.32,2118,40577,35.956199645996
0,0:chr10:81009185:81010541:chr10:81107219:81107219:PPIF,chr10:81009185:81010541,chr10:81106974:81107474,ENST00000498681.1,17.32,121.82,10574.13,14659.93,3907.13,353.06,390.81,148.88,6301.52,10150.46,5463.63,1866.03,2800.33,11926.17,8336.15,6247.62,18177.39,1691.67,1453.13,200.39,374.48,170.46,27920.51,9834.18,1056.42,2353.32,6993,40577,35.956199645996
0,0:chr10:81022866:81023366:chr10:81107219:81107219:PPIF,chr10:81022866:81023366,chr10:81106974:81107474,ENST00000498681.1,17.32,121.82,1054.23,14659.93,1082.13,353.06,195.24,148.88,594.94,10150.46,1735.19,1866.03,314.05,11926.17,733.74,6247.62,1786.66,1691.67,1415.97,200.39,177.43,170.46,1004.99,9834.18,273.04,2353.32,650,40577,32.958930969238
0,0:chr10:81025788:81026881:chr10:81107219:81107219:PPIF,chr10:81025788:81026881,chr10:81106974:81107474,ENST00000498681.1,17.32,121.82,13672.58,14659.93,2281.31,353.06,384.93,148.88,10219.67,10150.46,2265.13,1866.03,2461.12,11926.17,11218.81,6247.62,16219.61,1691.67,1192.83,200.39,363.54,170.46,24463.25,9834.18,1402.74,2353.32,3786,40577,35.407665252686
0,0:chr10:81027118:81027727:chr10:81107219:81107219:PPIF,chr10:81027118:81027727,chr10:81106974:81107474,ENST00000498681.1,17.32,121.82,1990.46,14659.93,2078.33,353.06,260.84,148.88,2179.15,10150.46,2958.85,1866.03,685.38,11926.17,2834.15,6247.62,6800.92,1691.67,955.04,200.39,187.15,170.46,4349.67,9834.18,445.03,2353.32,16734,40577,35.407665252686
1,1:chr10:81044989:81045489:chr10:81107219:81107219:PPIF,chr10:81044989:81045489,chr10:81106974:81107474,ENST00000498681.1,17.32,121.82,2565.43,14659.93,931.94,353.06,175.11,148.88,3160.63,10150.46,955.07,1866.03,1037.34,11926.17,3514.78,6247.62,7973.06,1691.67,1151.72,200.39,149.47,170.46,8342.8,9834.18,480.56,2353.32,1990,40577,55.701099395752
1,1:chr10:81046075:81046575:chr10:81107219:81107219:PPIF,chr10:81046075:81046575,chr10:81106974:81107474,ENST00000498681.1,17.32,121.82,25908.5,14659.93,1149.5,353.06,180.5,148.88,3716.25,10150.46,950.0,1866.03,2198.75,11926.17,3687.75,6247.62,6488.5,1691.67,507.5,200.39,163.75,170.46,8512.25,9834.18,523.5,2353.32,2847,40577,55.701099395752
0,0:chr10:81053559:81054389:chr10:81107219:81107219:PPIF,chr10:81053559:81054389,chr10:81106974:81107474,ENST00000498681.1,17.32,121.82,5269.59,14659.93,1117.4,353.06,323.94,148.88,3920.42,10150.46,1231.52,1866.03,480.67,11926.17,792.31,6247.62,4394.92,1691.67,3086.87,200.39,251.6,170.46,4991.17,9834.18,451.49,2353.32,1133,40577,48.545303344727
0,0:chr10:81055211:81055711:chr10:81107219:81107219:PPIF,chr10:81055211:81055711,chr10:81106974:81107474,ENST00000498681.1,17.32,121.82,3389.78,14659.93,563.53,353.06,160.11,148.88,546.33,10150.46,583.33,1866.03,266.57,11926.17,362.56,6247.62,1986.95,1691.67,2104.64,200.39,137.17,170.46,1470.96,9834.18,181.1,2353.32,566,40577,50.442581176758
1,1:chr10:81076336:81076836:chr10:81107219:81107219:PPIF,chr10:81076336:81076836,chr10:81106974:81107474,ENST00000498681.1,17.32,121.82,1819.7,14659.93,825.96,353.06,150.34,148.88,783.37,10150.46,322.96,1866.03,548.92,11926.17,1542.97,6247.62,7084.83,1691.67,348.54,200.39,199.81,170.46,1554.62,9834.18,428.97,2353.32,10689,40577,84.055671691895
1,1:chr10:81077184:81077913:chr10:81107219:81107219:PPIF,chr10:81077184:81077913,chr10:81106974:81107474,ENST00000498681.1,17.32,121.82,11630.81,14659.93,644.01,353.06,208.48,148.88,2405.47,10150.46,418.04,1866.03,2071.7,11926.17,7144.84,6247.62,11386.64,1691.67,309.55,200.39,249.21,170.46,6749.11,9834.18,1484.25,2353.32,5644,40577,84.055671691895
1,1:chr10:81082504:81083416:chr10:81107219:81107219:PPIF,chr10:81082504:81083416,chr10:81106974:81107474,ENST00000498681.1,17.32,121.82,9678.66,14659.93,616.1,353.06,300.85,148.88,2665.95,10150.46,452.35,1866.03,2502.78,11926.17,5756.97,6247.62,12580.83,1691.67,385.66,200.39,356.06,170.46,13383.22,9834.18,2252.52,2353.32,1822,40577,89.856750488281
1,1:chr10:81091473:81091973:chr10:81107219:81107219:PPIF,chr10:81091473:81091973,chr10:81106974:81107474,ENST00000498681.1,17.32,121.82,12795.47,14659.93,264.72,353.06,250.61,148.88,877.39,10150.46,140.03,1866.03,426.13,11926.17,1433.09,6247.62,3924.48,1691.67,178.62,200.39,164.89,170.46,2937.21,9834.18,584.71,2353.32,1630,40577,147.94177246094
1,1:chr10:81106892:81107469:chr10:81107219:81107219:PPIF,chr10:81106892:81107469,chr10:81106974:81107474,ENST00000498681.1,17.32,121.82,15071.62,14659.93,399.07,353.06,168.92,148.88,10102.89,10150.46,1883.04,1866.03,11964.76,11926.17,6905.94,6247.62,2578.01,1691.67,230.4,200.39,196.17,170.46,9984.53,9834.18,2558.86,2353.32,40869,40577,1045.1870117188
1,1:chr10:81107706:81108206:chr10:81107219:81107219:PPIF,chr10:81107706:81108206,chr10:81106974:81107474,ENST00000498681.1,17.32,121.82,9711.08,14659.93,1242.85,353.06,196.17,148.88,20499.0,10150.46,8451.27,1866.03,32767.73,11926.17,16628.34,6247.62,4819.35,1691.67,555.18,200.39,188.67,170.46,23747.04,9834.18,3059.79,2353.32,3122,40577,1045.1870117188
1,1:chr10:81113839:81114339:chr10:81107219:81107219:PPIF,chr10:81113839:81114339,chr10:81106974:81107474,ENST00000498681.1,17.32,121.82,1109.64,14659.93,2110.26,353.06,221.89,148.88,491.51,10150.46,1332.31,1866.03,273.72,11926.17,725.11,6247.62,1993.02,1691.67,3712.57,200.39,152.27,170.46,1045.21,9834.18,228.35,2353.32,1185,40577,283.33120727539
0,0:chr10:81115640:81116293:chr10:81107219:81107219:PPIF,chr10:81115640:81116293,chr10:81106974:81107474,ENST00000498681.1,17.32,121.82,2053.16,14659.93,1087.65,353.06,296.45,148.88,465.76,10150.46,891.73,1866.03,360.3,11926.17,550.13,6247.62,2127.92,1691.67,1682.97,200.39,223.3,170.46,718.8,9834.18,335.74,2353.32,2197,40577,118.62210845947
1,1:chr10:81134130:81134914:chr10:81107219:81107219:PPIF,chr10:81134130:81134914,chr10:81106974:81107474,ENST00000498681.1,17.32,121.82,3365.51,14659.93,433.42,353.06,241.18,148.88,359.9,10150.46,192.71,1866.03,215.95,11926.17,310.36,6247.62,1955.32,1691.67,190.28,200.39,382.71,170.46,237.35,9834.18,696.89,2353.32,71504,40577,62.945812225342
0,0:chr10:81148359:81149114:chr10:81107219:81107219:PPIF,chr10:81148359:81149114,chr10:81106974:81107474,ENST00000498681.1,17.32,121.82,1454.01,14659.93,743.2,353.06,301.31,148.88,687.47,10150.46,350.97,1866.03,353.46,11926.17,726.03,6247.62,1488.33,1691.67,836.04,200.39,363.2,170.46,780.37,9834.18,492.39,2353.32,3497,40577,27.342655181885
0,0:chr10:81160151:81160829:chr10:81107219:81107219:PPIF,chr10:81160151:81160829,chr10:81106974:81107474,ENST00000498681.1,17.32,121.82,1377.98,14659.93,539.0,353.06,173.05,148.88,259.27,10150.46,263.5,1866.03,152.63,11926.17,173.45,6247.62,928.49,1691.67,178.23,200.39,311.72,170.46,264.88,9834.18,389.99,2353.32,44087,40577,25.310115814209
0,0:chr10:81173095:81173595:chr10:81107219:81107219:PPIF,chr10:81173095:81173595,chr10:81106974:81107474,ENST00000498681.1,17.32,121.82,688.5,14659.93,404.6,353.06,154.85,148.88,429.25,10150.46,291.35,1866.03,244.45,11926.17,830.6,6247.62,1884.7,1691.67,290.65,200.39,203.4,170.46,429.8,9834.18,365.95,2353.32,926,40577,28.069519042969
0,0:chr10:81205133:81206116:chr10:81107219:81107219:PPIF,chr10:81205133:81206116,chr10:81106974:81107474,ENST00000498681.1,17.32,121.82,30423.44,14659.93,559.85,353.06,351.38,148.88,4537.49,10150.46,398.67,1866.03,16889.76,11926.17,14213.54,6247.62,3019.83,1691.67,312.38,200.39,481.74,170.46,4010.89,9834.18,6470.85,2353.32,3045,40577,25.385829925537
0,0:chr10:81227083:81227583:chr10:81107219:81107219:PPIF,chr10:81227083:81227583,chr10:81106974:81107474,ENST00000498681.1,17.32,121.82,4398.82,14659.93,263.69,353.06,123.17,148.88,182.47,10150.46,109.39,1866.03,142.78,11926.17,341.95,6247.62,492.93,1691.67,104.98,200.39,231.13,170.46,173.77,9834.18,675.5,2353.32,36461,40577,30.719701766968
0,0:chr10:81247281:81247781:chr10:81107219:81107219:PPIF,chr10:81247281:81247781,chr10:81106974:81107474,ENST00000498681.1,17.32,121.82,1801.55,14659.93,368.74,353.06,201.25,148.88,257.35,10150.46,166.69,1866.03,193.73,11926.17,309.64,6247.62,624.57,1691.67,167.56,200.39,403.43,170.46,331.92,9834.18,629.91,2353.32,47264,40577,23.2301197052
0,0:chr10:81302321:81302821:chr10:81107219:81107219:PPIF,chr10:81302321:81302821,chr10:81106974:81107474,ENST00000498681.1,17.32,121.82,434.69,14659.93,262.65,353.06,224.83,148.88,266.94,10150.46,166.04,1866.03,224.09,11926.17,384.3,6247.62,1019.0,1691.67,166.4,200.39,281.6,170.46,374.22,9834.18,331.51,2353.32,352,40577,8.9422340393066
0,0:chr10:81321829:81322329:chr10:81107219:81107219:PPIF,chr10:81321829:81322329,chr10:81106974:81107474,ENST00000498681.1,17.32,121.82,1343.11,14659.93,343.4,353.06,194.76,148.88,228.51,10150.46,129.52,1866.03,433.45,11926.17,732.1,6247.62,988.33,1691.67,147.99,200.39,752.56,170.46,195.13,9834.18,994.04,2353.32,62989,40577,11.680400848389
0,0:chr10:81370444:81370944:chr10:81107219:81107219:PPIF,chr10:81370444:81370944,chr10:81106974:81107474,ENST00000498681.1,17.32,121.82,665.69,14659.93,328.9,353.06,196.31,148.88,231.37,10150.46,188.41,1866.03,162.26,11926.17,189.32,6247.62,478.04,1691.67,157.75,200.39,364.04,170.46,178.73,9834.18,314.84,2353.32,818,40577,5.5731692314148
1,1:chr11:128391955:128393363:chr11:128392205:128392205:ETS1,chr11:128391955:128393363,chr11:128391955:128392455,ENST00000345075.4,17.82,64.93,28026.94,15109.35,742.08,242.15,417.48,134.0,34033.66,11242.35,2687.01,1249.25,67981.63,25486.7,23816.48,4748.25,8167.01,700.4,845.34,423.55,497.55,141.2,71006.01,19338.9,8213.48,1609.0,3417,1005,935.97576904297
1,1:chr11:128422800:128423300:chr11:128392205:128392205:ETS1,chr11:128422800:128423300,chr11:128391955:128392455,ENST00000345075.4,17.82,64.93,15417.25,15109.35,238.0,242.15,184.75,134.0,3218.25,11242.35,303.25,1249.25,2425.0,25486.7,6879.5,4748.25,3470.5,700.4,214.0,423.55,238.25,141.2,11574.25,19338.9,1787.25,1609.0,2488,1005,105.65756225586
1,1:chr11:128480315:128481964:chr11:128392205:128392205:ETS1,chr11:128480315:128481964,chr11:128391955:128392455,ENST00000345075.4,17.82,64.93,22757.04,15109.35,878.59,242.15,560.49,134.0,11635.39,11242.35,893.55,1249.25,5419.66,25486.7,15857.1,4748.25,25424.05,700.4,692.56,423.55,818.34,141.2,53923.1,19338.9,4482.99,1609.0,5041,1005,58.383827209473
1,1:chr11:128494058:128494944:chr11:128392205:128392205:ETS1,chr11:128494058:128494944,chr11:128391955:128392455,ENST00000345075.4,17.82,64.93,14615.37,15109.35,400.62,242.15,274.31,134.0,2654.96,11242.35,598.49,1249.25,2669.85,25486.7,5524.93,4748.25,11200.38,700.4,337.9,423.55,303.45,141.2,25062.23,19338.9,2723.43,1609.0,3374,1005,60.613208770752
0,0:chr11:128563455:128564187:chr11:128392205:128392205:ETS1,chr11:128563455:128564187,chr11:128391955:128392455,ENST00000345075.4,17.82,64.93,13433.84,15109.35,667.45,242.15,603.64,134.0,10116.69,11242.35,2092.01,1249.25,63404.03,25486.7,16501.8,4748.25,2206.21,700.4,749.24,423.55,895.93,141.2,22715.14,19338.9,4176.9,1609.0,1424,1005,23.246242523193
1,1:chr16:30469970:30471372:chr16:30483982:30483982:ITGAL,chr16:30469970:30471372,chr16:30483728:30484228,ENST00000356798.6,26.7,168.51,18480.06,11231.4,714.33,487.36,556.4,221.76,9070.42,5591.81,1018.14,1552.38,5104.5,16425.17,13389.38,10439.89,23237.83,4488.72,660.72,265.91,585.65,347.26,21178.91,14044.1,5404.39,1619.95,6834,3657,339.02923583984
1,1:chr16:30483658:30484232:chr16:30483982:30483982:ITGAL,chr16:30483658:30484232,chr16:30483728:30484228,ENST00000356798.6,26.7,168.51,11672.83,11231.4,534.29,487.36,248.66,221.76,5985.14,5591.81,1672.49,1552.38,17260.81,16425.17,11255.58,10439.89,5418.62,4488.72,296.34,265.91,376.6,347.26,16673.41,14044.1,1742.1,1619.95,3911,3657,965.498046875
0,0:chr16:30645488:30646231:chr16:30483982:30483982:ITGAL,chr16:30645488:30646231,chr16:30483728:30484228,ENST00000356798.6,26.7,168.51,31182.81,11231.4,340.62,487.36,258.07,221.76,21640.75,5591.81,1505.72,1552.38,48473.76,16425.17,18803.56,10439.89,2686.89,4488.72,344.97,265.91,250.16,347.26,44337.72,14044.1,7746.8,1619.95,2989,3657,37.180603027344
0,0:chr16:85932465:85933023:chr16:30483982:30483982:ITGAL,chr16:85932465:85933023,chr16:30483728:30484228,ENST00000356798.6,26.7,168.51,7934.01,11231.4,543.7,487.36,256.17,221.76,4887.95,5591.81,2107.23,1552.38,30473.73,16425.17,7222.34,10439.89,1701.56,4488.72,327.61,265.91,1648.51,347.26,6123.88,14044.1,1910.39,1619.95,3072,3657,
0,0:chr16:85969256:85970863:chr16:30483982:30483982:ITGAL,chr16:85969256:85970863,chr16:30483728:30484228,ENST00000356798.6,26.7,168.51,27857.04,11231.4,1102.66,487.36,619.5,221.76,9575.07,5591.81,944.32,1552.38,19240.18,16425.17,13894.29,10439.89,19531.73,4488.72,657.45,265.91,1112.84,347.26,78110.8,14044.1,3211.48,1619.95,10897,3657,
1,1:chr20:44746135:44748232:chr20:44746892:44746892:CD40,chr20:44746135:44748232,chr20:44746660:44747160,ENST00000372285.3,25.78,53.68,25525.71,9691.3,1562.96,287.6,731.89,180.85,14372.43,3969.1,1872.57,291.05,92712.7,31214.35,25373.02,8381.1,13461.93,2345.05,767.16,160.45,2258.55,658.7,61644.22,15792.85,8676.46,3666.75,7504,3052,1007.2211914062
1,1:chr21:34774836:34775451:chr21:34775201:34775201:IFNGR2,chr21:34774836:34775451,chr21:34774951:34775451,ENST00000290219.6,1.06,28.37,7306.17,6029.12,325.22,250.41,279.24,210.12,4776.21,4263.08,516.26,409.72,7578.15,6973.35,5814.63,4535.51,4025.04,2881.75,283.27,219.01,600.67,369.39,9127.22,7647.25,2643.83,1984.44,595,341,819.56481933594
1,1:chr21:34776289:34777452:chr21:34775201:34775201:IFNGR2,chr21:34776289:34777452,chr21:34774951:34775451,ENST00000290219.6,1.06,28.37,7207.43,6029.12,1899.16,250.41,611.42,210.12,34605.29,4263.08,14549.04,409.72,71564.26,6973.35,31061.61,4535.51,8783.16,2881.75,1448.86,219.01,1260.76,369.39,36100.23,7647.25,3681.89,1984.44,5070,341,819.56481933594
1,1:chr21:45616069:45616569:chr21:45660887:45660887:ICOSLG,chr21:45616069:45616569,chr21:45660599:45661099,ENST00000400377.3,1.25,29.93,21327.14,6402.38,328.48,404.52,194.24,193.1,1841.16,2663.3,296.11,416.3,1167.16,14245.84,2298.74,5903.91,6762.46,1068.28,222.76,224.02,422.22,494.87,13384.22,6061.14,1280.51,1755.73,2060,1308,80.898376464844
1,1:chr21:45626561:45627626:chr21:45660887:45660887:ICOSLG,chr21:45626561:45627626,chr21:45660599:45661099,ENST00000400377.3,1.25,29.93,27213.08,6402.38,661.48,404.52,374.6,193.1,8890.06,2663.3,658.65,416.3,11241.86,14245.84,11386.83,5903.91,17830.6,1068.28,456.6,224.02,547.52,494.87,44336.26,6061.14,2719.91,1755.73,7264,1308,91.306228637695
1,1:chr21:45627759:45628259:chr21:45660887:45660887:ICOSLG,chr21:45627759:45628259,chr21:45660599:45661099,ENST00000400377.3,1.25,29.93,8881.94,6402.38,474.27,404.52,188.55,193.1,4887.2,2663.3,530.83,416.3,1781.41,14245.84,6769.6,5903.91,9078.54,1068.28,255.51,224.02,262.17,494.87,17786.17,6061.14,2709.36,1755.73,1334,1308,91.306228637695
1,1:chr21:45660637:45661636:chr21:34775201:34775201:IFNGR2,chr21:45660637:45661636,chr21:34774951:34775451,ENST00000290219.6,1.06,28.37,16038.68,6029.12,1126.12,250.41,433.89,210.12,8624.25,4263.08,945.92,409.72,43631.24,6973.35,13361.25,4535.51,4530.81,2881.75,454.14,219.01,1801.32,369.39,19220.71,7647.25,3227.65,1984.44,3068,341,
1,1:chr21:45660637:45661636:chr21:45660887:45660887:ICOSLG,chr21:45660637:45661636,chr21:45660599:45661099,ENST00000400377.3,1.25,29.93,16038.68,6402.38,1126.12,404.52,433.89,193.1,8624.25,2663.3,945.92,416.3,43631.24,14245.84,13361.25,5903.91,4530.81,1068.28,454.14,224.02,1801.32,494.87,19220.71,6061.14,3227.65,1755.73,3068,1308,688.24230957031
1,1:chr5:40490609:40490609:chr5:40680031:40680031:PTGER4,chr5:40490609:40490609,chr5:40679781:40680281,ENST00000514343.1,0.03,0.39,0.0,9486.74,0.0,354.44,0.0,197.33,0.0,5417.57,0.0,2270.48,0.0,34313.9,0.0,7179.29,0.0,720.38,0.0,515.85,0.0,269.4,0.0,11687.35,0.0,2897.16,0,735,23.472169876099
1,1:chr5:55289559:55291877:chr5:55290821:55290821:IL6ST,chr5:55289559:55291877,chr5:55290571:55291071,ENST00000381298.2,0.62,6.72,37288.88,18273.45,2013.39,395.05,864.41,197.14,64835.63,14910.59,11420.16,1149.9,165235.15,33823.99,50003.5,7774.78,8326.48,863.62,1831.26,400.31,1172.25,242.0,107269.66,25735.05,14546.98,3647.94,9839,5694,734.11791992188
0,0:chr5:55438509:55439009:chr5:55290821:55290821:IL6ST,chr5:55438509:55439009,chr5:55290571:55291071,ENST00000381298.2,0.62,6.72,866.46,18273.45,262.42,395.05,185.81,197.14,687.11,14910.59,197.81,1149.9,657.5,33823.99,2604.45,7774.78,2617.59,863.62,308.09,400.31,268.97,242.0,1910.86,25735.05,833.53,3647.94,1230,5694,47.715091705322
0,0:chr5:55439188:55439688:chr5:55290821:55290821:IL6ST,chr5:55439188:55439688,chr5:55290571:55291071,ENST00000381298.2,0.62,6.72,465.26,18273.45,287.8,395.05,247.06,197.14,639.83,14910.59,228.29,1149.9,378.2,33823.99,1271.19,7774.78,2343.58,863.62,391.43,400.31,243.17,242.0,1341.96,25735.05,790.89,3647.94,1173,5694,47.715091705322
0,0:chr5:55443658:55444158:chr5:55290821:55290821:IL6ST,chr5:55443658:55444158,chr5:55290571:55291071,ENST00000381298.2,0.62,6.72,863.64,18273.45,295.33,395.05,205.32,197.14,878.28,14910.59,241.28,1149.9,667.41,33823.99,2238.55,7774.78,3825.95,863.62,252.74,400.31,308.58,242.0,2328.81,25735.05,971.71,3647.94,530,5694,44.926239013672
0,0:chr5:55444308:55444808:chr5:55290821:55290821:IL6ST,chr5:55444308:55444808,chr5:55290571:55291071,ENST00000381298.2,0.62,6.72,1485.96,18273.45,242.93,395.05,179.09,197.14,506.06,14910.59,288.32,1149.9,484.12,33823.99,955.16,7774.78,2468.09,863.62,186.7,400.31,280.88,242.0,1697.36,25735.05,880.11,3647.94,351,5694,44.926239013672
0,0:chr5:150460395:150461164:chr5:55290821:55290821:IL6ST,chr5:150460395:150461164,chr5:55290571:55291071,ENST00000381298.2,0.62,6.72,21426.47,18273.45,957.67,395.05,320.66,197.14,38042.83,14910.59,3850.16,1149.9,67908.7,33823.99,19397.28,7774.78,2225.47,863.62,802.27,400.31,299.05,242.0,70470.24,25735.05,7298.67,3647.94,2001,5694,0.56955564022064
1,1:chr6:14095567:14096067:chr6:14117864:14117864:CD83,chr6:14095567:14096067,chr6:14117621:14118121,ENST00000379153.3,25.35,26.9,9553.31,15155.34,252.68,294.22,227.07,186.23,905.71,5657.43,291.31,338.98,631.13,15950.29,1762.84,7363.59,2966.33,1001.47,250.6,235.32,265.03,222.02,12611.55,8337.69,799.19,4545.05,2460,2656,126.85161590576
1,1:chr6:14117614:14118430:chr6:14117864:14117864:CD83,chr6:14117614:14118430,chr6:14117621:14118121,ENST00000379153.3,25.35,26.9,18786.67,15155.34,580.19,294.22,323.74,186.23,14463.67,5657.43,679.26,338.98,52510.21,15950.29,16828.99,7363.59,3004.84,1001.47,850.49,235.32,406.21,222.02,26212.02,8337.69,9243.48,4545.05,11884,2656,766.66876220703
1,1:chr6:14118506:14119332:chr6:14117864:14117864:CD83,chr6:14118506:14119332,chr6:14117621:14118121,ENST00000379153.3,25.35,26.9,2311.53,15155.34,1656.27,294.22,392.6,186.23,7446.44,5657.43,2027.4,338.98,49066.34,15950.29,16266.25,7363.59,7430.85,1001.47,1955.6,235.32,534.47,222.02,21081.58,8337.69,1598.54,4545.05,1572,2656,766.66876220703
1,1:chr8:11349255:11350515:chr8:11351520:11351520:BLK,chr8:11349255:11350515,chr8:11351259:11351759,ENST00000259089.4,94.53,140.44,22992.3,2316.06,618.45,415.69,553.8,253.47,5784.6,7003.94,815.5,1415.87,4466.35,18220.43,5481.55,7505.57,10642.6,2557.38,609.85,307.1,781.6,453.8,23841.8,15284.17,4131.4,1426.62,4002,1769,312.78939819336
1,1:chr8:11350589:11352209:chr8:11351520:11351520:BLK,chr8:11350589:11352209,chr8:11351259:11351759,ENST00000259089.4,94.53,140.44,12995.62,2316.06,1074.33,415.69,702.76,253.47,19091.64,7003.94,4007.52,1415.87,46784.5,18220.43,20554.47,7505.57,7812.22,2557.38,910.32,307.1,1276.42,453.8,41526.25,15284.17,3819.7,1426.62,10317,1769,762.97393798828
0,0:chr8:27182770:27183270:chr8:11351520:11351520:BLK,chr8:27182770:27183270,chr8:11351259:11351759,ENST00000259089.4,94.53,140.44,0.0,0.0,0.0,0.0,0.0,0.0,0.0,0.0,0.0,0.0,0.0,0.0,0.0,0.0,0.0,0.0,0.0,0.0,0.0,0.0,0.0,0.0,0.0,0.0,0,0,
1,1:chr8:128222469:128223288:chr8:128748314:128748314:MYC,chr8:128222469:128223288,chr8:128748079:128748579,ENST00000377970.2,19.87,43.36,0.0,0.0,0.0,0.0,0.0,0.0,0.0,0.0,0.0,0.0,0.0,0.0,0.0,0.0,0.0,0.0,0.0,0.0,0.0,0.0,0.0,0.0,0.0,0.0,0,0,31.886884689331
