Class	Tx_expression	Gene_expression	DNase_Enh	DNase_Prom	H4K20me1_Enh	H4K20me1_Prom	H3K9me3_Enh	H3K9me3_Prom	H3K9ac_Enh	H3K9ac_Prom	H3K79me2_Enh	H3K79me2_Prom	H3K4me3_Enh	H3K4me3_Prom	H3K4me2_Enh	H3K4me2_Prom	H3K4me1_Enh	H3K4me1_Prom	H3K36me3_Enh	H3K36me3_Prom	H3K27me3_Enh	H3K27me3_Prom	H3K27ac_Enh	H3K27ac_Prom	H2A.Z_Enh	H2A.Z_Prom	CTCF_Enh	CTCF_Prom	Hi-C_contact
0	-0.997451	-0.982087	-0.96355	-0.104489	-0.92262	-0.31651	-0.913591	-0.429939	-0.995886	-0.432359	-0.992495	-0.140975	-0.997077	-0.560218	-0.982781	-0.164866	-0.901761	-0.286239	-0.955616	0.0819318	-0.9547	-0.894232	-0.992627	-0.634162	-0.954758	-0.572319	-0.987194	1	-0.967747
0	-0.997451	-0.982087	-0.809385	-0.104489	-0.935128	-0.31651	-0.891759	-0.429939	-0.916822	-0.432359	-0.981884	-0.140975	-0.925578	-0.560218	-0.729536	-0.164866	-0.668141	-0.286239	-0.93901	0.0819318	-0.934738	-0.894232	-0.840693	-0.634162	-0.721678	-0.572319	-0.95986	1	-0.961228
0	-0.997451	-0.982087	-0.842748	-0.104489	-0.954717	-0.31651	-0.927332	-0.429939	-0.961683	-0.432359	-0.990266	-0.140975	-0.976543	-0.560218	-0.832037	-0.164866	-0.593412	-0.286239	-0.957742	0.0819318	-0.928382	-0.894232	-0.912198	-0.634162	-0.798176	-0.572319	-0.396571	1	-0.961228
0	-0.997451	-0.982087	-0.980234	-0.104489	-0.928239	-0.31651	-0.915395	-0.429939	-0.994887	-0.432359	-0.991118	-0.140975	-0.997045	-0.560218	-0.983653	-0.164866	-0.868122	-0.286239	-0.951378	0.0819318	-0.949255	-0.894232	-0.993901	-0.634162	-0.966342	-0.572319	-0.974957	1	-0.960598
0	-0.997451	-0.982087	-0.984247	-0.104489	-0.944611	-0.31651	-0.911613	-0.429939	-0.995861	-0.432359	-0.993204	-0.140975	-0.997789	-0.560218	-0.976673	-0.164866	-0.931851	-0.286239	-0.952269	0.0819318	-0.971126	-0.894232	-0.995812	-0.634162	-0.977625	-0.572319	-0.994475	1	-0.969728
0	-0.997451	-0.982087	-0.98408	-0.104489	-0.946873	-0.31651	-0.916586	-0.429939	-0.996274	-0.432359	-0.993256	-0.140975	-0.997552	-0.560218	-0.990075	-0.164866	-0.852002	-0.286239	-0.955826	0.0819318	-0.964489	-0.894232	-0.995227	-0.634162	-0.972503	-0.572319	-0.990899	1	-0.969728
0	-0.997451	-0.982087	-0.97877	-0.104489	-0.946818	-0.31651	-0.904376	-0.429939	-0.995901	-0.432359	-0.992743	-0.140975	-0.995646	-0.560218	-0.97722	-0.164866	-0.964537	-0.286239	-0.95538	0.0819318	-0.963541	-0.894232	-0.994517	-0.634162	-0.92724	-0.572319	-0.990688	1	-0.950268
0	-0.997451	-0.982087	-0.976645	-0.104489	-0.944019	-0.31651	-0.939498	-0.429939	-0.993691	-0.432359	-0.993568	-0.140975	-0.996662	-0.560218	-0.970541	-0.164866	-0.91272	-0.286239	-0.954087	0.0819318	-0.963605	-0.894232	-0.990867	-0.634162	-0.959065	-0.572319	-0.97642	1	-0.950268
0	-0.997451	-0.982087	-0.639729	-0.104489	-0.876717	-0.31651	-0.838332	-0.429939	-0.913539	-0.432359	-0.967658	-0.140975	-0.683378	-0.560218	-0.486985	-0.164866	-0.74701	-0.286239	-0.895533	0.0819318	-0.936881	-0.894232	-0.910998	-0.634162	-0.439218	-0.572319	-0.846478	1	-0.925839
0	-0.997451	-0.982087	-0.773912	-0.104489	-0.929555	-0.31651	-0.916739	-0.429939	-0.928545	-0.432359	-0.97628	-0.140975	-0.893454	-0.560218	-0.870862	-0.164866	-0.943761	-0.286239	-0.945508	0.0819318	-0.973318	-0.894232	-0.944187	-0.634162	-0.86991	-0.572319	-0.858243	1	-0.925839
0	-0.997451	-0.982087	-0.936306	-0.104489	-0.686792	-0.31651	-0.915144	-0.429939	-0.938731	-0.432359	-0.787533	-0.140975	-0.894068	-0.560218	-0.707652	-0.164866	-0.592185	-0.286239	-0.934686	0.0819318	-0.897164	-0.894232	-0.941879	-0.634162	-0.956273	-0.572319	-0.989226	1	-0.949132
0	-0.997451	-0.982087	-0.990407	-0.104489	-0.666184	-0.31651	-0.934487	-0.429939	-0.994952	-0.432359	-0.840949	-0.140975	-0.997103	-0.560218	-0.980532	-0.164866	-0.786047	-0.286239	-0.913526	0.0819318	-0.968447	-0.894232	-0.989505	-0.634162	-0.983782	-0.572319	-0.975672	1	-0.935451
0	-0.997451	-0.982087	-0.818069	-0.104489	-0.600991	-0.31651	-0.89004	-0.429939	-0.984747	-0.432359	-0.755144	-0.140975	-0.9931	-0.560218	-0.917971	-0.164866	-0.268883	-0.286239	-0.882574	0.0819318	-0.964618	-0.894232	-0.926933	-0.634162	-0.966162	-0.572319	-0.975932	1	-0.946951
0	-0.997451	-0.982087	-0.95537	-0.104489	-0.746235	-0.31651	-0.924013	-0.429939	-0.993448	-0.432359	-0.821008	-0.140975	-0.996107	-0.560218	-0.972676	-0.164866	-0.702583	-0.286239	-0.890113	0.0819318	-0.972731	-0.894232	-0.983951	-0.634162	-0.974791	-0.572319	-0.987373	1	-0.946951
0	-0.997451	-0.982087	-0.98414	-0.104489	-0.575861	-0.31651	-0.920057	-0.429939	-0.993308	-0.432359	-0.811296	-0.140975	-0.996459	-0.560218	-0.976869	-0.164866	-0.854795	-0.286239	-0.855858	0.0819318	-0.968563	-0.894232	-0.98861	-0.634162	-0.97833	-0.572319	-0.979784	1	-0.93791
0	-0.997451	-0.982087	-0.851641	-0.104489	-0.317069	-0.31651	-0.862588	-0.429939	-0.977294	-0.432359	-0.790391	-0.140975	-0.988447	-0.560218	-0.879102	-0.164866	-0.510198	-0.286239	-0.854631	0.0819318	-0.938644	-0.894232	-0.934604	-0.634162	-0.930034	-0.572319	-0.980515	1	-0.93791
0	-0.997451	-0.982087	-0.922537	-0.104489	-0.438192	-0.31651	-0.895868	-0.429939	-0.988671	-0.432359	-0.731984	-0.140975	-0.994793	-0.560218	-0.953187	-0.164866	-0.689885	-0.286239	-0.813287	0.0819318	-0.966394	-0.894232	-0.980749	-0.634162	-0.965982	-0.572319	-0.946583	1	-0.92011
0	-0.997451	-0.982087	-0.954667	-0.104489	-0.37481	-0.31651	-0.881438	-0.429939	-0.987412	-0.432359	-0.767379	-0.140975	-0.992979	-0.560218	-0.952	-0.164866	-0.566208	-0.286239	-0.751533	0.0819318	-0.957673	-0.894232	-0.971961	-0.634162	-0.953295	-0.572319	-0.950175	1	-0.930389
0	-0.997451	-0.982087	-0.911428	-0.104489	-0.869847	-0.31651	-0.934772	-0.429939	-0.967446	-0.432359	-0.954341	-0.140975	-0.975473	-0.560218	-0.918807	-0.164866	-0.452224	-0.286239	-0.926588	0.0819318	-0.96724	-0.894232	-0.932523	-0.634162	-0.926642	-0.572319	-0.978354	1	-0.937387
0	-0.997451	-0.982087	-0.924295	-0.104489	-0.915039	-0.31651	-0.916879	-0.429939	-0.983934	-0.432359	-0.975939	-0.140975	-0.990718	-0.560218	-0.942827	-0.164866	-0.469149	-0.286239	-0.897475	0.0819318	-0.974274	-0.894232	-0.940761	-0.634162	-0.943035	-0.572319	-0.994751	1	-0.93317
0	-0.997451	-0.982087	-0.907046	-0.104489	-0.796415	-0.31651	-0.923022	-0.429939	-0.993659	-0.432359	-0.980841	-0.140975	-0.997001	-0.560218	-0.977033	-0.164866	-0.88574	-0.286239	-0.840421	0.0819318	-0.974305	-0.894232	-0.972158	-0.634162	-0.973651	-0.572319	-0.986154	1	-0.961742
0	-0.997451	-0.982087	-0.978779	-0.104489	-0.814965	-0.31651	-0.925979	-0.429939	-0.996883	-0.432359	-0.97796	-0.140975	-0.998346	-0.560218	-0.995036	-0.164866	-0.88384	-0.286239	-0.874547	0.0819318	-0.969782	-0.894232	-0.997168	-0.634162	-0.986956	-0.572319	-0.988494	1	-0.924441
0	-0.997451	-0.982087	-0.8891	-0.104489	-0.783757	-0.31651	-0.950044	-0.429939	-0.996234	-0.432359	-0.988099	-0.140975	-0.998149	-0.560218	-0.99062	-0.164866	-0.855939	-0.286239	-0.927413	0.0819318	-0.973412	-0.894232	-0.996334	-0.634162	-0.983428	-0.572319	0.276737	1	-0.929666
0	-0.997451	-0.982087	-0.953617	-0.104489	-0.679521	-0.31651	-0.94642	-0.429939	-0.99774	-0.432359	-0.983514	-0.140975	-0.998938	-0.560218	-0.996931	-0.164866	-0.954614	-0.286239	-0.81597	0.0819318	-0.97642	-0.894232	-0.997971	-0.634162	-0.989178	-0.572319	-0.0161041	1	-0.929666
0	-0.997451	-0.982087	-0.97704	-0.104489	-0.810961	-0.31651	-0.903551	-0.429939	-0.995772	-0.432359	-0.979927	-0.140975	-0.997849	-0.560218	-0.99376	-0.164866	-0.96227	-0.286239	-0.470299	0.0819318	-0.967988	-0.894232	-0.996516	-0.634162	-0.982756	-0.572319	-0.475664	1	-0.941352
0	-0.997451	-0.982087	-0.993984	-0.104489	-0.914402	-0.31651	-0.924515	-0.429939	-0.995749	-0.432359	-0.988965	-0.140975	-0.998279	-0.560218	-0.992108	-0.164866	-0.968296	-0.286239	-0.784366	0.0819318	-0.974076	-0.894232	-0.997987	-0.634162	-0.98731	-0.572319	-0.99857	1	-0.897723
0	-0.997451	-0.982087	-0.97406	-0.104489	-0.90236	-0.31651	-0.93889	-0.429939	-0.995696	-0.432359	-0.989898	-0.140975	-0.998471	-0.560218	-0.992935	-0.164866	-0.915236	-0.286239	-0.660777	0.0819318	-0.978098	-0.894232	-0.993589	-0.634162	-0.985791	-0.572319	-0.994328	1	-0.854158
0	-0.997451	-0.982087	-0.869936	-0.104489	-0.909745	-0.31651	-0.930411	-0.429939	-0.960863	-0.432359	-0.972898	-0.140975	-0.894045	-0.560218	-0.826943	-0.164866	-0.785271	-0.286239	-0.936104	0.0819318	-0.968529	-0.894232	-0.954652	-0.634162	-0.929463	-0.572319	-0.972585	1	-0.742259
0	-0.997451	-0.982087	-0.89807	-0.104489	-0.930329	-0.31651	-0.924749	-0.429939	-0.935692	-0.432359	-0.970788	-0.140975	-0.847061	-0.560218	-0.870484	-0.164866	-0.903199	-0.286239	-0.934927	0.0819318	-0.970501	-0.894232	-0.950515	-0.634162	-0.948011	-0.572319	-0.962558	1	-0.742259
0	-0.997451	-0.982087	-0.825503	-0.104489	-0.31095	-0.31651	-0.859002	-0.429939	-0.884553	-0.432359	-0.755172	-0.140975	-0.935838	-0.560218	-0.660944	-0.164866	0.107272	-0.286239	-0.780635	0.0819318	-0.960984	-0.894232	-0.790426	-0.634162	-0.956471	-0.572319	-0.924287	1	-0.742259
0	-0.997451	-0.982087	-0.750572	-0.104489	-0.195881	-0.31651	-0.819401	-0.429939	-0.876979	-0.432359	-0.714077	-0.140975	-0.960911	-0.560218	-0.634126	-0.164866	0.410244	-0.286239	-0.760947	0.0819318	-0.946662	-0.894232	-0.626685	-0.634162	-0.927208	-0.572319	-0.965581	1	-0.717947
0	-0.997451	-0.982087	-0.793491	-0.104489	-0.175863	-0.31651	-0.833746	-0.429939	-0.912453	-0.432359	-0.763465	-0.140975	-0.9694	-0.560218	-0.765278	-0.164866	0.409425	-0.286239	-0.61819	0.0819318	-0.949135	-0.894232	-0.659763	-0.634162	-0.928659	-0.572319	-0.886357	1	-0.717947
0	-0.997451	-0.982087	-0.979411	-0.104489	-0.771745	-0.31651	-0.916943	-0.429939	-0.991734	-0.432359	-0.924879	-0.140975	-0.996568	-0.560218	-0.97934	-0.164866	-0.861467	-0.286239	-0.627954	0.0819318	-0.9759	-0.894232	-0.987753	-0.634162	-0.981561	-0.572319	-0.989437	1	-0.741459
0	-0.997451	-0.982087	-0.73298	-0.104489	-0.5188	-0.31651	-0.836247	-0.429939	-0.858017	-0.432359	-0.901937	-0.140975	-0.973107	-0.560218	-0.68411	-0.164866	0.257624	-0.286239	-0.686584	0.0819318	-0.950621	-0.894232	-0.701893	-0.634162	-0.905271	-0.572319	-0.938474	1	-0.72225
0	-0.997451	-0.982087	-0.961127	-0.104489	-0.561615	-0.31651	-0.889036	-0.429939	-0.969725	-0.432359	-0.871904	-0.140975	-0.992511	-0.560218	-0.920198	-0.164866	-0.472675	-0.286239	-0.749063	0.0819318	-0.97458	-0.894232	-0.946995	-0.634162	-0.969947	-0.572319	-0.728057	1	-0.72225
1	-0.997451	-0.982087	-0.949898	-0.104489	-0.803424	-0.31651	-0.925507	-0.429939	-0.956089	-0.432359	-0.958653	-0.140975	-0.988665	-0.560218	-0.901034	-0.164866	-0.381791	-0.286239	-0.697386	0.0819318	-0.979698	-0.894232	-0.898335	-0.634162	-0.967547	-0.572319	-0.967661	1	-0.563061
1	-0.997451	-0.982087	-0.494017	-0.104489	-0.757534	-0.31651	-0.923214	-0.429939	-0.94837	-0.432359	-0.958872	-0.140975	-0.975974	-0.560218	-0.896163	-0.164866	-0.496899	-0.286239	-0.866654	0.0819318	-0.977758	-0.894232	-0.89627	-0.634162	-0.964647	-0.572319	-0.953734	1	-0.563061
0	-0.997451	-0.982087	-0.897087	-0.104489	-0.764305	-0.31651	-0.862193	-0.429939	-0.945533	-0.432359	-0.946684	-0.140975	-0.994748	-0.560218	-0.977691	-0.164866	-0.65923	-0.286239	-0.188925	0.0819318	-0.965826	-0.894232	-0.939178	-0.634162	-0.96951	-0.572319	-0.981588	1	-0.619194
0	-0.997451	-0.982087	-0.933799	-0.104489	-0.881134	-0.31651	-0.931888	-0.429939	-0.99241	-0.432359	-0.974746	-0.140975	-0.997087	-0.560218	-0.989791	-0.164866	-0.845937	-0.286239	-0.447006	0.0819318	-0.981369	-0.894232	-0.982075	-0.634162	-0.98777	-0.572319	-0.990802	1	-0.604311
1	-0.997451	-0.982087	-0.964462	-0.104489	-0.825779	-0.31651	-0.936044	-0.429939	-0.989117	-0.432359	-0.986018	-0.140975	-0.994002	-0.560218	-0.956554	-0.164866	-0.450662	-0.286239	-0.908421	0.0819318	-0.97286	-0.894232	-0.981056	-0.634162	-0.971031	-0.572319	-0.826294	1	-0.340638
1	-0.997451	-0.982087	-0.772855	-0.104489	-0.864158	-0.31651	-0.911311	-0.429939	-0.966581	-0.432359	-0.981902	-0.140975	-0.977362	-0.560218	-0.798822	-0.164866	-0.117111	-0.286239	-0.918666	0.0819318	-0.96615	-0.894232	-0.917756	-0.634162	-0.899767	-0.572319	-0.90828	1	-0.340638
1	-0.997451	-0.982087	-0.810979	-0.104489	-0.870045	-0.31651	-0.872015	-0.429939	-0.962962	-0.432359	-0.980417	-0.140975	-0.972652	-0.560218	-0.8379	-0.164866	-0.0245169	-0.286239	-0.898668	0.0819318	-0.951637	-0.894232	-0.836913	-0.634162	-0.847884	-0.572319	-0.970391	1	-0.295133
1	-0.997451	-0.982087	-0.750109	-0.104489	-0.944162	-0.31651	-0.893388	-0.429939	-0.98781	-0.432359	-0.993938	-0.140975	-0.995344	-0.560218	-0.959648	-0.164866	-0.695707	-0.286239	-0.953068	0.0819318	-0.977603	-0.894232	-0.964207	-0.634162	-0.960514	-0.572319	-0.973511	1	0.160506
1	-0.997451	-0.982087	-0.705657	-0.104489	-0.915824	-0.31651	-0.92814	-0.429939	-0.85964	-0.432359	-0.918478	-0.140975	-0.869258	-0.560218	-0.805548	-0.164866	-0.800108	-0.286239	-0.939462	0.0819318	-0.973355	-0.894232	-0.878329	-0.634162	-0.827197	-0.572319	-0.335841	1	1
1	-0.997451	-0.982087	-0.810346	-0.104489	-0.737844	-0.31651	-0.916547	-0.429939	-0.715206	-0.432359	-0.634123	-0.140975	-0.641939	-0.560218	-0.531793	-0.164866	-0.626321	-0.286239	-0.854126	0.0819318	-0.974373	-0.894232	-0.71062	-0.634162	-0.793368	-0.572319	-0.949265	1	1
1	-0.997451	-0.982087	-0.978329	-0.104489	-0.55488	-0.31651	-0.905606	-0.429939	-0.993171	-0.432359	-0.942321	-0.140975	-0.997009	-0.560218	-0.979583	-0.164866	-0.845467	-0.286239	-0.0245225	0.0819318	-0.979318	-0.894232	-0.987263	-0.634162	-0.984579	-0.572319	-0.980743	1	1
0	-0.997451	-0.982087	-0.959903	-0.104489	-0.77058	-0.31651	-0.873887	-0.429939	-0.993529	-0.432359	-0.961395	-0.140975	-0.996063	-0.560218	-0.98451	-0.164866	-0.835007	-0.286239	-0.5578	0.0819318	-0.96967	-0.894232	-0.991241	-0.634162	-0.977327	-0.572319	-0.964297	1	-0.0694873
1	-0.997451	-0.982087	-0.934273	-0.104489	-0.908578	-0.31651	-0.8974	-0.429939	-0.995	-0.432359	-0.991657	-0.140975	-0.99764	-0.560218	-0.991261	-0.164866	-0.84839	-0.286239	-0.950004	0.0819318	-0.948017	-0.894232	-0.997108	-0.634162	-0.952938	-0.572319	0.162006	1	-0.506231
0	-0.997451	-0.982087	-0.971604	-0.104489	-0.843236	-0.31651	-0.87182	-0.429939	-0.990449	-0.432359	-0.984806	-0.140975	-0.996138	-0.560218	-0.979557	-0.164866	-0.884599	-0.286239	-0.780331	0.0819318	-0.950667	-0.894232	-0.99049	-0.634162	-0.966748	-0.572319	-0.943171	1	-0.785515
0	-0.997451	-0.982087	-0.973089	-0.104489	-0.886308	-0.31651	-0.926383	-0.429939	-0.996398	-0.432359	-0.988592	-0.140975	-0.998332	-0.560218	-0.995116	-0.164866	-0.928007	-0.286239	-0.95317	0.0819318	-0.95766	-0.894232	-0.996772	-0.634162	-0.973663	-0.572319	-0.283546	1	-0.801459
0	-0.997451	-0.982087	-0.986554	-0.104489	-0.914657	-0.31651	-0.934125	-0.429939	-0.994036	-0.432359	-0.987387	-0.140975	-0.997329	-0.560218	-0.976613	-0.164866	-0.853866	-0.286239	-0.923632	0.0819318	-0.972373	-0.894232	-0.994762	-0.634162	-0.975287	-0.572319	-0.984952	1	-0.779813
0	-0.997451	-0.982087	-0.405842	-0.104489	-0.88191	-0.31651	-0.85052	-0.429939	-0.93696	-0.432359	-0.982741	-0.140975	-0.815441	-0.560218	-0.599787	-0.164866	-0.765851	-0.286239	-0.917922	0.0819318	-0.934566	-0.894232	-0.951124	-0.634162	-0.563015	-0.572319	-0.950516	1	-0.800865
0	-0.997451	-0.982087	-0.914093	-0.104489	-0.944379	-0.31651	-0.947602	-0.429939	-0.997465	-0.432359	-0.995264	-0.140975	-0.99844	-0.560218	-0.990372	-0.164866	-0.96178	-0.286239	-0.972417	0.0819318	-0.968606	-0.894232	-0.997882	-0.634162	-0.954383	-0.572319	-0.407475	1	-0.759024
0	-0.997451	-0.982087	-0.964816	-0.104489	-0.922221	-0.31651	-0.914386	-0.429939	-0.996425	-0.432359	-0.992784	-0.140975	-0.997883	-0.560218	-0.991281	-0.164866	-0.951573	-0.286239	-0.955974	0.0819318	-0.945203	-0.894232	-0.995955	-0.634162	-0.957461	-0.572319	-0.231916	1	-0.817775
0	-0.997451	-0.982087	-0.991511	-0.104489	-0.944599	-0.31651	-0.904355	-0.429939	-0.996291	-0.432359	-0.992812	-0.140975	-0.997551	-0.560218	-0.989179	-0.164866	-0.92099	-0.286239	-0.956278	0.0819318	-0.961751	-0.894232	-0.99544	-0.634162	-0.977613	-0.572319	-0.99428	1	-0.929854
0	-0.997451	-0.982087	-0.97377	-0.104489	-0.927566	-0.31651	-0.917147	-0.429939	-0.996825	-0.432359	-0.994393	-0.140975	-0.995264	-0.560218	-0.979386	-0.164866	-0.923368	-0.286239	-0.961116	0.0819318	-0.897782	-0.894232	-0.997622	-0.634162	-0.932871	-0.572319	0.0236294	1	-0.908375
0	-0.997451	-0.982087	-0.986999	-0.104489	-0.930625	-0.31651	-0.916488	-0.429939	-0.996786	-0.432359	-0.991843	-0.140975	-0.998227	-0.560218	-0.994669	-0.164866	-0.962934	-0.286239	-0.958551	0.0819318	-0.950553	-0.894232	-0.997822	-0.634162	-0.978738	-0.572319	-0.986707	1	-0.956282
1	-0.997377	-0.990456	-0.452644	-0.077036	-0.843472	-0.531221	-0.8224	-0.486914	-0.527168	-0.371298	-0.883672	-0.424909	-0.257148	-0.0601688	-0.329396	-0.36529	-0.366752	-0.704483	-0.777887	1	-0.932419	-0.912387	-0.134726	-0.28058	-0.445333	-0.707588	-0.944471	-0.914844	1
1	-0.997377	-0.990456	-0.698907	-0.077036	-0.949798	-0.531221	-0.921406	-0.486914	-0.955289	-0.371298	-0.986872	-0.424909	-0.973501	-0.0601688	-0.806293	-0.36529	-0.730907	-0.704483	-0.943772	1	-0.967639	-0.912387	-0.858957	-0.28058	-0.879305	-0.707588	-0.959568	-0.914844	-0.171186
1	-0.997377	-0.990456	-0.555563	-0.077036	-0.814678	-0.531221	-0.761562	-0.486914	-0.838349	-0.371298	-0.961316	-0.424909	-0.940778	-0.0601688	-0.553509	-0.36529	0.971311	-0.704483	-0.81803	1	-0.888847	-0.912387	-0.342897	-0.28058	-0.697258	-0.707588	-0.918079	-0.914844	-0.542017
1	-0.997377	-0.990456	-0.714567	-0.077036	-0.915497	-0.531221	-0.883306	-0.486914	-0.963114	-0.371298	-0.97409	-0.424909	-0.970826	-0.0601688	-0.844434	-0.36529	-0.131553	-0.704483	-0.911217	1	-0.958783	-0.912387	-0.694594	-0.28058	-0.816083	-0.707588	-0.945169	-0.914844	-0.524529
0	-0.997377	-0.990456	-0.737642	-0.077036	-0.859214	-0.531221	-0.743206	-0.486914	-0.859448	-0.371298	-0.909432	-0.424909	-0.307169	-0.0601688	-0.535356	-0.36529	-0.828937	-0.704483	-0.803137	1	-0.878308	-0.912387	-0.723195	-0.28058	-0.717929	-0.707588	-0.976859	-0.914844	-0.817648
1	-0.99607	-0.975219	-0.639091	-0.313923	-0.849325	-0.0565187	-0.763302	-0.150882	-0.873984	-0.687291	-0.955922	-0.285363	-0.944222	-0.394316	-0.622993	0.395525	0.801798	0.893911	-0.826396	0.435683	-0.920453	-0.78453	-0.741915	-0.47755	-0.635035	-0.705598	-0.888941	-0.690134	1
1	-0.99607	-0.975219	-0.772034	-0.313923	-0.887301	-0.0565187	-0.894218	-0.150882	-0.916848	-0.687291	-0.927594	-0.285363	-0.811387	-0.394316	-0.683075	0.395525	-0.579855	0.893911	-0.922137	0.435683	-0.948847	-0.78453	-0.796819	-0.47755	-0.882354	-0.705598	-0.936443	-0.690134	1
0	-0.99607	-0.975219	-0.391011	-0.313923	-0.928153	-0.0565187	-0.890215	-0.150882	-0.699344	-0.687291	-0.934814	-0.285363	-0.470315	-0.394316	-0.470545	0.395525	-0.791666	0.893911	-0.909359	0.435683	-0.966021	-0.78453	-0.459704	-0.47755	-0.476849	-0.705598	-0.951426	-0.690134	-0.708343
0	-0.99607	-0.975219	-0.845052	-0.313923	-0.885317	-0.0565187	-0.891023	-0.150882	-0.932091	-0.687291	-0.908773	-0.285363	-0.667006	-0.394316	-0.796639	0.395525	-0.868066	0.893911	-0.91392	0.435683	-0.776087	-0.78453	-0.925375	-0.47755	-0.870989	-0.705598	-0.950077	-0.690134	-1
0	-0.99607	-0.975219	-0.455962	-0.313923	-0.767414	-0.0565187	-0.736459	-0.150882	-0.866973	-0.687291	-0.959118	-0.285363	-0.789758	-0.394316	-0.608776	0.395525	0.514437	0.893911	-0.827255	0.435683	-0.848846	-0.78453	-0.0481478	-0.47755	-0.783125	-0.705598	-0.822914	-0.690134	-1
1	-0.996206	-0.992111	-0.501492	-0.408001	-0.670322	-0.443235	-0.688647	-0.307526	-0.800323	-0.778037	-0.918932	-0.866015	0.0130944	0.15104	-0.285568	0.120322	0.0438012	-0.0105608	-0.798429	-0.133709	-0.693226	-0.591286	-0.248808	-0.412495	-0.414067	-0.333622	-0.878053	-0.741397	1
1	-0.999844	-0.995834	-0.857313	-0.631707	-0.931401	-0.515231	-0.881209	-0.195451	-0.933644	-0.761597	-0.97765	-0.811386	-0.917192	-0.742855	-0.836277	-0.393727	-0.687909	0.215887	-0.925571	0.182464	-0.918412	-0.770799	-0.888776	-0.715517	-0.821459	-0.639357	-0.990331	-0.971106	1
1	-0.999844	-0.995834	-0.859242	-0.631707	-0.599407	-0.515231	-0.739896	-0.195451	-0.519227	-0.761597	-0.370135	-0.811386	-0.218	-0.742855	-0.125393	-0.393727	-0.318978	0.215887	-0.619312	0.182464	-0.828754	-0.770799	-0.560085	-0.715517	-0.751357	-0.639357	-0.917608	-0.971106	1
1	-0.999816	-0.995605	-0.583489	-0.608907	-0.930713	-0.216889	-0.917368	-0.260621	-0.974421	-0.851061	-0.987181	-0.808357	-0.987246	-0.47468	-0.935274	-0.21081	-0.475657	-0.549264	-0.94147	0.209513	-0.942651	-0.69294	-0.836901	-0.774522	-0.913526	-0.680922	-0.966523	-0.88917	-0.365405
1	-0.999816	-0.995605	-0.468539	-0.608907	-0.860473	-0.216889	-0.840642	-0.260621	-0.87649	-0.851061	-0.971485	-0.808357	-0.877157	-0.47468	-0.679379	-0.21081	0.382536	-0.549264	-0.880028	0.209513	-0.925632	-0.69294	-0.459722	-0.774522	-0.816321	-0.680922	-0.881953	-0.88917	-0.283762
1	-0.999816	-0.995605	-0.826539	-0.608907	-0.899962	-0.216889	-0.919789	-0.260621	-0.932102	-0.851061	-0.977019	-0.808357	-0.980534	-0.47468	-0.809387	-0.21081	-0.296075	-0.549264	-0.932865	0.209513	-0.96439	-0.69294	-0.783259	-0.774522	-0.817033	-0.680922	-0.978321	-0.88917	-0.283762
1	-0.999844	-0.995834	-0.686771	-0.631707	-0.762466	-0.515231	-0.815419	-0.195451	-0.880183	-0.761597	-0.959049	-0.811386	-0.523231	-0.742855	-0.623785	-0.393727	-0.648693	0.215887	-0.880675	0.182464	-0.755331	-0.770799	-0.765778	-0.715517	-0.782033	-0.639357	-0.950142	-0.971106	-1
1	-0.999816	-0.995605	-0.686771	-0.608907	-0.762466	-0.216889	-0.815419	-0.260621	-0.880183	-0.851061	-0.959049	-0.808357	-0.523231	-0.47468	-0.623785	-0.21081	-0.648693	-0.549264	-0.880675	0.209513	-0.755331	-0.69294	-0.765778	-0.774522	-0.782033	-0.680922	-0.950142	-0.88917	1
1	-0.999996	-0.99995	-1	-0.420497	-1	-0.313839	-1	-0.244424	-1	-0.697035	-1	0.0452132	-1	0.265337	-1	-0.040327	-1	-0.696052	-1	1	-1	-0.832841	-1	-0.565223	-1	-0.473484	-1	-0.937722	-0.815876
1	-0.999909	-0.999019	-0.271762	0.116245	-0.575313	-0.235222	-0.632272	-0.245152	-0.0992346	-0.16616	-0.505592	-0.470645	0.805565	0.247272	0.407956	0.0392736	-0.354388	-0.635616	-0.518837	1	-0.840776	-0.849842	0.30718	-0.0426389	-0.0176236	-0.337041	-0.840107	-0.517534	1
0	-0.999909	-0.999019	-0.983078	0.116245	-0.944647	-0.235222	-0.920955	-0.245152	-0.990454	-0.16616	-0.991436	-0.470645	-0.992815	0.247272	-0.926666	0.0392736	-0.797039	-0.635616	-0.919049	1	-0.963466	-0.849842	-0.976714	-0.0426389	-0.943711	-0.337041	-0.980011	-0.517534	-0.625706
0	-0.999909	-0.999019	-0.990914	0.116245	-0.939294	-0.235222	-0.894898	-0.245152	-0.991111	-0.16616	-0.990117	-0.470645	-0.995867	0.247272	-0.964207	0.0392736	-0.818285	-0.635616	-0.897152	1	-0.966971	-0.849842	-0.983647	-0.0426389	-0.94659	-0.337041	-0.980938	-0.517534	-0.625706
0	-0.999909	-0.999019	-0.983133	0.116245	-0.937706	-0.235222	-0.912655	-0.245152	-0.987798	-0.16616	-0.989554	-0.470645	-0.992707	0.247272	-0.936969	0.0392736	-0.703346	-0.635616	-0.933593	1	-0.958086	-0.849842	-0.971621	-0.0426389	-0.934379	-0.337041	-0.991387	-0.517534	-0.647583
0	-0.999909	-0.999019	-0.97098	0.116245	-0.948758	-0.235222	-0.923813	-0.245152	-0.992969	-0.16616	-0.987518	-0.470645	-0.99471	0.247272	-0.973105	0.0392736	-0.808631	-0.635616	-0.950945	1	-0.961849	-0.849842	-0.979316	-0.0426389	-0.940565	-0.337041	-0.994296	-0.517534	-0.647583
0	-0.999909	-0.999019	-0.581549	0.116245	-0.797997	-0.235222	-0.863588	-0.245152	-0.471469	-0.16616	-0.833317	-0.470645	-0.257945	0.247272	-0.453828	0.0392736	-0.827443	-0.635616	-0.789204	1	-0.959381	-0.849842	-0.141255	-0.0426389	-0.507111	-0.337041	-0.967482	-0.517534	-0.995532
1	-0.996269	-0.99605	-0.813427	-0.0742267	-0.946702	-0.430419	-0.903402	-0.286926	-0.987417	-0.683621	-0.987388	-0.843951	-0.993103	-0.411827	-0.950363	-0.0156911	-0.769999	-0.577453	-0.934155	0.270523	-0.964002	-0.86224	-0.846317	-0.689832	-0.94603	-0.174004	-0.960023	-0.774951	-0.00493222
1	-0.996269	-0.99605	-0.633103	-0.0742267	-0.87762	-0.430419	-0.862278	-0.286926	-0.799055	-0.683621	-0.970593	-0.843951	-0.426208	-0.411827	-0.526143	-0.0156911	-0.767013	-0.577453	-0.776534	0.270523	-0.944825	-0.86224	-0.680582	-0.689832	-0.375776	-0.174004	-0.806874	-0.774951	1
1	-0.996269	-0.99605	-0.954857	-0.0742267	-0.65064	-0.430419	-0.832984	-0.286926	-0.896546	-0.683621	-0.912229	-0.843951	-0.46384	-0.411827	-0.541989	-0.0156911	-0.423832	-0.577453	-0.486166	0.270523	-0.927404	-0.86224	-0.743101	-0.689832	-0.892049	-0.174004	-0.974454	-0.774951	1
1	-0.986088	-0.979348	-0.550969	-0.858522	-0.869549	-0.195265	-0.764408	-0.0294641	-0.919634	-0.608321	-0.964695	-0.348206	-0.951195	-0.328115	-0.845655	0.00328767	-0.174802	0.0790269	-0.839762	0.658073	-0.893837	-0.718423	-0.709466	-0.431419	-0.721001	-0.740733	-0.934964	-0.850108	1
1	-0.986088	-0.979348	-0.7462	-0.858522	-0.77339	-0.195265	-0.701039	-0.0294641	-0.734759	-0.608321	-0.826504	-0.348206	-0.488774	-0.328115	-0.421245	0.00328767	-0.394262	0.0790269	-0.760813	0.658073	-0.826627	-0.718423	-0.493964	-0.431419	-0.742051	-0.740733	-0.832339	-0.850108	1
0	-0.986088	-0.979348	-1	-1	-1	-1	-1	-1	-1	-1	-1	-1	-1	-1	-1	-1	-1	-1	-1	-1	-1	-1	-1	-1	-1	-1	-1	-1	-1
1	-0.997076	-0.993629	-1	-1	-1	-1	-1	-1	-1	-1	-1	-1	-1	-1	-1	-1	-1	-1	-1	-1	-1	-1	-1	-1	-1	-1	-1	-1	-0.749868
